№,Модель,Цена,Фото
1,Сотовый телефон Philips Xenium V526 LTE синий,"
18150 сом
",/images/product/27150/27150.jpg
2,Сотовый телефон Samsung Galaxy S22 8/128GB черный,"

 56040 сом
-3%

54290 сом
",/images/product/105293/1649752086_95407900.jpg
3,Сотовый телефон Samsung Galaxy S22 8/128GB белый,"

 56040 сом
-3%

54290 сом
",/images/product/105294/1649752235_95589400.jpg
4,Сотовый телефон Samsung Galaxy S22 8/128GB розовый,"

 56040 сом
-3%

54290 сом
",/images/product/105295/1649753441_00343800.jpg
5,Сотовый телефон Samsung Galaxy S22 8/128GB зеленый,"

 56040 сом
-3%

54290 сом
",/images/product/105296/1649753870_42409800.jpg
6,Сотовый телефон Samsung Galaxy S22 8/128GB серый,"

 56040 сом
-3%

54290 сом
",/images/product/105297/1649754043_99416300.jpg
7,Сотовый телефон Samsung Galaxy S22 8/128GB голубой,"

 56040 сом
-3%

54290 сом
",/images/product/105298/1649754174_37540500.jpg
8,Сотовый телефон Samsung Galaxy S22 8/128GB фиолетовый,"

 56040 сом
-3%

54290 сом
",/images/product/105299/1649754295_98434800.jpg
9,Сотовый телефон Samsung Galaxy S22 8/128GB бежевый,"

 56040 сом
-3%

54290 сом
",/images/product/105300/1649754473_41211500.jpg
10,Сотовый телефон BRAVIS A505 Joy Plus белый,"
7640 сом
",/images/product/40544/40544.jpg
11,Сотовый телефон Samsung Galaxy S22 Ultra 12/256GB черный,"
83530 сом
",/images/product/104822/1648319089_75835000.png
12,Сотовый телефон Samsung Galaxy S22 Ultra 12/256GB белый,"
83530 сом
",/images/product/104823/1648319267_14637700.png
13,Сотовый телефон Samsung Galaxy S22 Ultra 12/256GB фиолетовый,"
83530 сом
",/images/product/104824/1648319379_27545800.png
14,Сотовый телефон Samsung Galaxy S22 Ultra 12/256GB зеленый,"
83530 сом
",/images/product/104825/1648319473_69430100.png
15,Сотовый телефон Samsung Galaxy S22 Ultra 12/256GB серый,"
83530 сом
",/images/product/104826/1648319584_65168500.png
16,Сотовый телефон Samsung Galaxy S22 Ultra 12/256GB красный,"
83530 сом
",/images/product/104827/1648319672_36030400.png
17,Сотовый телефон Samsung Galaxy S22 Ultra 12/256GB голубой,"
83530 сом
",/images/product/104828/1648319758_15378800.png
18,Сотовый телефон ASUS Fonepad Note 6 16Gb черный,"
36960 сом
",/images/product/31395/31395.jpg
19,Сотовый телефон Xiaomi Redmi 10A 3/64GB серый,"
10180 сом
",/images/product/107526/1655262496_92690500.jpg
20,Сотовый телефон Xiaomi Redmi Note 11 6/128GB синий,"
15830 сом
",/images/product/103434/1645002019_77390500.png
21,Сотовый телефон Apple iPhone 13 128GB зеленый,"
65340 сом
",/images/product/105482/1650357323_84906500.png
22,Сотовый телефон Samsung Galaxy A03s 2/32GB черный,"
9920 сом
",/images/product/109066/1658515264_83337500.jpg
23,Сотовый телефон Xiaomi Redmi 9C 4/128GB серый,"
11340 сом
",/images/product/95755/1627654600_03946800.jpg
24,Сотовый телефон Xiaomi Redmi Note 11 6/128GB голубой,"
15830 сом
",/images/product/103435/1645002057_84343700.jpg
25,Сотовый телефон Xiaomi 12 8/256GB голубой,"
51600 сом
",/images/product/105227/1649418971_59438400.jpg
26,Сотовый телефон Apple iPhone 13 256GB зеленый,"
75520 сом
",/images/product/105483/1650357352_25448500.png
27,Сотовый телефон Xiaomi Redmi 10A 2/32GB черный,"
9080 сом
",/images/product/108299/1656851875_65254900.jpg
28,Сотовый телефон Samsung Galaxy Note 20 Ultra 5G 12/256GB белый,"
73960 сом
",/images/product/95756/1627808224_15778300.jpg
29,Сотовый телефон Xiaomi Redmi 10 4/128GB серый,"
13230 сом
",/images/product/97292/1630854310_48805900.jpg
30,Сотовый телефон Xiaomi 12 12/256GB голубой,"
53420 сом
",/images/product/105228/1649419104_93416600.jpg
31,Сотовый телефон Samsung Galaxy A13 4G 4/128GB белый,"
14800 сом
",/images/product/105484/1650357974_27932300.jpg
32,Сотовый телефон Xiaomi 11 Lite 5G NE 8/256GB розовый,"
25930 сом
",/images/product/108300/1656853166_94329500.jpg
33,Сотовый телефон Apple iPhone 12 128GB черный,"
59590 сом
",/images/product/85005/1643526274_78712300.png
34,Сотовый телефон Samsung Galaxy Note 20 Ultra 5G 12/256GB черный,"
73960 сом
",/images/product/95757/1627808275_13416200.jpg
35,Сотовый телефон Xiaomi Redmi 10 4/64GB серый,"

 13140 сом
-7%

12270 сом
",/images/product/97293/1630854442_62443400.jpg
36,Сотовый телефон Samsung Galaxy A13 4G 4/128GB персиковый,"
14800 сом
",/images/product/105485/1650358086_11066600.jpg
37,Сотовый телефон Xiaomi 11 Lite 5G NE 8/256GB белый,"
25930 сом
",/images/product/108301/1656853256_38173800.jpg
38,Сотовый телефон Xiaomi 12 8/128GB голубой,"
49850 сом
",/images/product/109069/1658516170_32562000.jpg
39,Сотовый телефон Xiaomi Mi 10T Lite 6/128GB пляж розового золота,"
19750 сом
",/images/product/90126/1615978865_73950300.jpg
40,Сотовый телефон Samsung Galaxy Note 20 Ultra 5G 12/256GB бронзовый,"
73960 сом
",/images/product/95758/1627808340_15191000.jpg
41,Сотовый телефон Xiaomi Redmi 10 4/64GB синий,"
13060 сом
",/images/product/97294/1630854577_55077100.jpg
42,Сотовый телефон Samsung Galaxy A13 4G 4/128GB голубой,"
14800 сом
",/images/product/105486/1650358323_75303600.jpg
43,Сотовый телефон Xiaomi Redmi 10 4/64GB белый,"
13140 сом
",/images/product/97295/1630854615_71898900.jpg
44,Сотовый телефон Apple iPhone 12 128GB красный,"
59590 сом
",/images/product/85009/1643526318_80444300.png
45,Сотовый телефон Xiaomi Redmi Note 11 Pro 4G 6/64GB белый,"

 18440 сом
-1%

18280 сом
",/images/product/105233/1649421000_41038000.jpg
46,Сотовый телефон Xiaomi Redmi Note 11 Pro 4G 6/64GB серый,"

 18440 сом
-1%

18280 сом
",/images/product/105234/1649421144_46769300.jpg
47,Сотовый телефон Xiaomi Redmi 10A 3/64GB черный,"
10180 сом
",/images/product/109074/1658517593_39497600.jpg
48,Сотовый телефон Xiaomi Redmi Note 11 Pro 4G 6/64GB голубой,"

 18440 сом
-1%

18280 сом
",/images/product/105235/1649421374_36759700.jpg
49,Сотовый телефон Xiaomi Redmi 10A 3/64GB синий,"
10180 сом
",/images/product/109075/1658517610_56121800.jpg
50,Сотовый телефон Apple iPhone 12 128GB синий,"
59590 сом
",/images/product/85012/1643526361_96879600.png
51,Сотовый телефон Xiaomi Redmi 10C 4/64GB синий,"
11250 сом
",/images/product/105236/1649421688_26701400.jpg
52,Сотовый телефон Apple iPhone 12 128GB зеленый,"
59590 сом
",/images/product/85013/1643526404_67562500.png
53,Сотовый телефон Apple iPhone 12 128GB белый,"
59590 сом
",/images/product/85014/1643526452_17028900.png
54,Сотовый телефон Samsung Galaxy A13 4G 4/128GB черный,"
14800 сом
",/images/product/105240/1649532350_74060700.jpg
55,Сотовый телефон Samsung Galaxy A13 4G 3/32GB голубой,"
12700 сом
",/images/product/105241/1649532506_24827200.jpg
56,Сотовый телефон Samsung Galaxy A13 4G 3/32GB черный,"
12700 сом
",/images/product/105242/1649532588_48971800.jpg
57,Сотовый телефон Xiaomi Redmi 10C 4/64GB серый,"
11250 сом
",/images/product/105498/1650368060_68248100.jpg
58,Сотовый телефон Xiaomi Poco M4 Pro 5G 8/256GB черный,"
19240 сом
",/images/product/105499/1650368612_87789400.png
59,Сотовый телефон Nokia 230 Dual Sim белый,"
4980 сом
",/images/product/42779/42779.jpg
60,Сотовый телефон Xiaomi Redmi A1 Plus 2/32 зеленый,"
7740 сом
",/images/product/113445/1667905147_64028800.jpg
61,Сотовый телефон Apple iPhone 13 Pro Max 256GB зеленый,"
107180 сом
",/images/product/104490/1647674948_37575000.png
62,Сотовый телефон Xiaomi Redmi Note 11S 6/128GB синий,"
17920 сом
",/images/product/103211/1647068431_46332300.jpg
63,Сотовый телефон Apple iPhone 13 Pro 256GB зеленый,"
108050 сом
",/images/product/104491/1647674899_77661000.png
64,Сотовый телефон Xiaomi Redmi Note 11S 6/128GB серый,"
17920 сом
",/images/product/103212/1647068464_47045900.jpg
65,Сотовый телефон Xiaomi Redmi Note 11S 6/64GB серый,"
16460 сом
",/images/product/103213/1644315300_18447500.jpg
66,Сотовый телефон Xiaomi 11T 8/128GB голубой,"
27320 сом
",/images/product/101936/1640702993_52034600.jpg
67,Сотовый телефон Apple iPhone 14 128GB eSIM фиолетовый,"
70210 сом
",/images/product/111408/1667193030_46559700.jpg
68,Сотовый телефон Xiaomi Redmi Note 11S 8/128GB серый,"
18620 сом
",/images/product/103730/1647067810_26792000.jpg
69,Сотовый телефон Xiaomi Redmi Note 11S 8/128GB белый,"

 19310 сом
-4%

18620 сом
",/images/product/103731/1645887958_79387100.jpg
70,Сотовый телефон Xiaomi Redmi Note 11S 8/128GB синий,"
18620 сом
",/images/product/103732/1647067786_23073500.jpg
71,Сотовый телефон Xiaomi Redmi Note 11 4/64GB серый,"

 14530 сом
-1%

14350 сом
",/images/product/102965/1643478422_63941400.jpg
72,Сотовый телефон Xiaomi Redmi Note 11 Pro 4G 8/128GB серый,"
21400 сом
",/images/product/103733/1645892206_15016100.jpg
73,Сотовый телефон Xiaomi Redmi Note 11 4/64GB голубой,"

 14530 сом
-1%

14350 сом
",/images/product/102966/1647097832_69777400.jpg
74,Сотовый телефон Xiaomi Redmi Note 11 Pro 4G 8/128GB белый,"
21230 сом
",/images/product/103734/1645892235_58946500.jpg
75,Сотовый телефон Xiaomi Redmi Note 11 4/64GB синий,"

 14530 сом
-1%

14350 сом
",/images/product/102967/1644472868_27682200.png
76,Сотовый телефон Xiaomi Redmi Note 11 Pro 4G 8/128GB голубой,"
21230 сом
",/images/product/103735/1645892274_42897700.jpg
77,Сотовый телефон Xiaomi Redmi Note 11 4/128GB серый,"
15140 сом
",/images/product/102968/1643478748_98003500.jpg
78,Сотовый телефон Xiaomi Redmi Note 11 4/128GB синий,"
15140 сом
",/images/product/102969/1643478762_66145700.jpg
79,Сотовый телефон Xiaomi Redmi Note 11 4/128GB голубой,"
15140 сом
",/images/product/102970/1646635011_63343100.jpg
80,Сотовый телефон Samsung Galaxy S21 Fan Edition 6/128GB белый,"
43060 сом
",/images/product/103738/1645912334_08924700.jpg
81,Сотовый телефон Samsung Galaxy S21 Fan Edition 6/128GB лавандовый,"
43060 сом
",/images/product/103739/1645912435_98277000.jpg
82,Сотовый телефон Xiaomi 11T 8/256GB серый,"
30280 сом
",/images/product/102972/1643481482_18775500.jpg
83,Сотовый телефон Samsung Galaxy S21 Fan Edition 6/128GB зеленый,"
43060 сом
",/images/product/103740/1645912527_84815100.jpg
84,Сотовый телефон Samsung Galaxy S21 Fan Edition 6/128GB графитовый,"
43060 сом
",/images/product/103741/1645912624_45932200.jpg
85,Сотовый телефон Samsung Galaxy A73 5G 8/128GB серый,"
35520 сом
",/images/product/107071/1653798204_78028800.jpg
86,Сотовый телефон Xiaomi Poco X4 Pro 6/128GB черный,"
22460 сом
",/images/product/104512/1647723211_84598600.jpg
87,Сотовый телефон Samsung Galaxy S22 Ultra 12/512GB черный,"
105300 сом
",/images/product/105280/1649746479_54223000.jpg
88,Сотовый телефон Samsung Galaxy A73 5G 8/128GB мятный,"
35440 сом
",/images/product/107072/1653798236_82254000.jpg
89,Сотовый телефон Xiaomi Poco X4 Pro 6/128GB синий,"

 22880 сом
-2%

22450 сом
",/images/product/104513/1647732062_04600100.jpg
90,Сотовый телефон Samsung Galaxy S22 Ultra 12/512GB белый,"
105300 сом
",/images/product/105281/1649746615_94381600.jpg
91,Сотовый телефон Samsung Galaxy A73 5G 8/128GB белый,"
35440 сом
",/images/product/107073/1653798260_61509500.jpg
92,Сотовый телефон Xiaomi Poco X4 Pro 8/256 синий,"

 25320 сом
-1%

25140 сом
",/images/product/104514/1647732278_60639400.jpg
93,Сотовый телефон Samsung Galaxy S22 Ultra 12/512GB фиолетовый,"
105300 сом
",/images/product/105282/1649747022_51573700.jpg
94,Сотовый телефон Xiaomi Poco X4 Pro 8/256 желтый,"
25240 сом
",/images/product/104515/1647732390_08051000.jpg
95,Сотовый телефон Samsung Galaxy S22 Ultra 12/512GB зеленый,"
105300 сом
",/images/product/105283/1649747251_14125800.jpg
96,Сотовый телефон Xiaomi Poco X4 Pro 8/256 черный,"
25240 сом
",/images/product/104516/1647732556_13519100.jpg
97,Сотовый телефон Samsung Galaxy S22 Ultra 12/512GB серый,"
105300 сом
",/images/product/105284/1649747419_19191900.jpg
98,Сотовый телефон Oppo A12 3/32GB черный,"
7390 сом
",/images/product/88645/1612701244_62722900.jpg
99,Сотовый телефон Samsung Galaxy S22 Ultra 12/512GB красный,"
105300 сом
",/images/product/105285/1649747553_50052400.jpg
100,Сотовый телефон Apple iPhone 14 Pro Max 1TB космический черный,"
178780 сом
",/images/product/111173/1667071163_70803900.jpg
101,Сотовый телефон Honor 10X Lite 4/128GB полночный черный,"
16590 сом
",/images/product/93510/1622748563_91751500.jpg
102,Сотовый телефон Samsung Galaxy S22 Ultra 12/512GB голубой,"
105300 сом
",/images/product/105286/1649747678_58112000.jpg
103,Сотовый телефон Apple iPhone 14 Pro Max 1TB серебристый,"
173480 сом
",/images/product/111174/1667071276_10960400.jpg
104,Сотовый телефон Honor 10X Lite 4/128GB изумрудно-зеленый,"
16590 сом
",/images/product/93511/1622748618_14672000.jpg
105,Сотовый телефон Honor 10X Lite 4/128GB ледяной белый,"
16590 сом
",/images/product/93512/1622749002_48731700.jpg
106,Сотовый телефон Vivo Y15S 3/32GB синий,"
11320 сом
",/images/product/104520/1647829325_87606800.jpg
107,Сотовый телефон Vivo Y15S 3/32GB бирюзовый,"
11320 сом
",/images/product/104521/1647829337_68621500.jpg
108,Сотовый телефон Samsung Galaxy A23 4/64GB голубой,"
16020 сом
",/images/product/105289/1649749218_11605000.jpg
109,Сотовый телефон Xiaomi Mi 10T Lite 6/128GB жемчужно-серый,"
19750 сом
",/images/product/89162/1613814346_01805400.jpg
110,Сотовый телефон Vivo Y33S 4/128GB голубой,"
16180 сом
",/images/product/104522/1647832356_59936900.png
111,Сотовый телефон Samsung Galaxy A23 4/64GB персиковый,"
16020 сом
",/images/product/105290/1649749259_77093200.jpg
112,Сотовый телефон Vivo Y33S 4/64GB черный,"
14440 сом
",/images/product/104523/1647832209_31984300.png
113,Сотовый телефон Samsung Galaxy A23 4/64GB белый,"
16020 сом
",/images/product/105291/1649749329_43767500.jpg
114,Сотовый телефон Apple iPhone 14 Pro Max 1TB eSIM фиолетовый,"
169070 сом
",/images/product/111179/1667891173_46749300.jpg
115,Сотовый телефон Vivo Y33S 4/64GB голубой,"
14440 сом
",/images/product/104524/1647832245_38300400.png
116,Сотовый телефон Samsung Galaxy A23 4/64GB черный,"
16020 сом
",/images/product/105292/1649749368_86203000.jpg
117,Сотовый телефон Vivo Y33S 4/128GB черный,"
16180 сом
",/images/product/104525/1647832280_17000200.png
118,Сотовый телефон Apple iPhone 14 Plus 128GB сияющая звезда,"

 81610 сом
-1%

80650 сом
",/images/product/112974/1667069177_83440800.jpg
119,Сотовый телефон Apple iPhone 14 Plus 128GB красный,"

 81610 сом
-1%

80650 сом
",/images/product/112975/1667069193_33978200.jpg
120,Сотовый телефон Itel A48 2/32GB зеленый,"
5830 сом
",/images/product/104272/1647329030_31470000.jpg
121,Сотовый телефон Vivo Y53S 8/128GB синий,"
19310 сом
",/images/product/104528/1647833598_19355200.jpg
122,Сотовый телефон Apple iPhone 14 Plus 256GB фиолетовый,"

 91290 сом
-0%

90940 сом
",/images/product/112976/1667069679_17083300.jpg
123,Сотовый телефон Itel A48 2/32GB черный,"
5830 сом
",/images/product/104273/1647329046_59522700.jpg
124,Сотовый телефон Vivo Y53S 8/128GB голубой,"
19310 сом
",/images/product/104529/1647833611_42791800.jpg
125,Сотовый телефон Xiaomi Redmi A1 Plus 2/32 черный,"
7840 сом
",/images/product/111953/1665140516_39342400.jpg
126,Сотовый телефон Apple iPhone 14 Plus 256GB сияющая звезда,"

 91290 сом
-0%

90940 сом
",/images/product/112977/1667069774_95840800.jpg
127,Сотовый телефон Itel Vision 1 Pro 2/32GB черный,"
6270 сом
",/images/product/104274/1647330050_96188500.jpg
128,Сотовый телефон Samsung Galaxy A33 5G 6/128GB черный,"
30710 сом
",/images/product/106578/1652691752_34677700.jpg
129,Сотовый телефон Xiaomi Redmi A1 Plus 2/32 голубой,"
7840 сом
",/images/product/111954/1665140628_84348900.jpg
130,Сотовый телефон Apple iPhone 14 Plus 256GB голубой,"

 91290 сом
-0%

90940 сом
",/images/product/112978/1667069873_64341600.jpg
131,Сотовый телефон Xiaomi 11 Lite 5G NE 8/256GB голубой,"
25930 сом
",/images/product/103763/1646043319_49211300.jpg
132,Сотовый телефон Samsung Galaxy A33 5G 6/128GB голубой,"
23070 сом
",/images/product/106579/1652691866_03439300.jpg
133,Сотовый телефон Apple iPhone 14 Plus 256GB красный,"

 91290 сом
-0%

90940 сом
",/images/product/112979/1667069975_61809600.jpg
134,Сотовый телефон Samsung Galaxy A33 5G 6/128GB персиковый,"
23070 сом
",/images/product/106580/1652691995_19543500.jpg
135,Сотовый телефон Samsung Galaxy A53 5G 6/128GB черный,"

 28970 сом
-2%

28270 сом
",/images/product/105301/1649760257_29490300.jpg
136,Сотовый телефон Samsung Galaxy A33 5G 6/128GB белый,"
23070 сом
",/images/product/106581/1652692112_53592600.jpg
137,Сотовый телефон Apple iPhone 14 Pro Max 256GB eSIM фиолетовый,"
139030 сом
",/images/product/111189/1663830435_64383600.png
138,Сотовый телефон Xiaomi 12T 8/128GB черный,"
34450 сом
",/images/product/111957/1665144497_27894700.jpg
139,Сотовый телефон Xiaomi 12T 8/256GB черный,"
36230 сом
",/images/product/111959/1665144844_02032800.jpg
140,Сотовый телефон Samsung Galaxy A04 4/64GB черный,"
11570 сом
",/images/product/112983/1667077607_60071300.jpg
141,Сотовый телефон Xiaomi 12T 8/256GB голубой,"
36230 сом
",/images/product/111960/1665144967_82473500.jpg
142,Сотовый телефон Samsung Galaxy A04 4/64GB белый,"
11570 сом
",/images/product/112984/1667077845_67471400.jpg
143,Сотовый телефон Vivo Y1S 2/32GB оливково-черный,"
9130 сом
",/images/product/103513/1645415723_48110600.jpg
144,Сотовый телефон Samsung Galaxy A53 5G 8/128GB черный,"
30010 сом
",/images/product/105305/1649761049_10768900.jpg
145,Сотовый телефон Samsung Galaxy A04 4/64GB зеленый,"
11570 сом
",/images/product/112985/1667077850_81511100.jpg
146,Сотовый телефон Honor 9C 4/64GB голубой,"
14390 сом
",/images/product/84826/1602184323_92792200.jpg
147,Сотовый телефон Samsung Galaxy A53 5G 8/128GB белый,"
29840 сом
",/images/product/105306/1649761180_54346900.jpg
148,Сотовый телефон Apple iPhone 14 Pro Max 128GB eSIM фиолетовый,"
115100 сом
",/images/product/111194/1663831163_87466300.png
149,Сотовый телефон Samsung Galaxy A04 4/64GB медный,"
11570 сом
",/images/product/112986/1667077855_49828600.jpg
150,Сотовый телефон Honor 9C 4/64GB черный,"
14390 сом
",/images/product/84827/1602184383_76638300.jpg
151,Сотовый телефон Vivo Y21 4/64GB голубой,"
13480 сом
",/images/product/103515/1645418243_70713900.jpg
152,Сотовый телефон Vivo V23E 8/128GB голубой,"
26110 сом
",/images/product/104539/1647836732_18820600.jpg
153,Сотовый телефон Samsung Galaxy A53 5G 8/128GB персиковый,"
29840 сом
",/images/product/105307/1649761387_15221700.jpg
154,Сотовый телефон Xiaomi Poco M4 Pro 4G 6/128GB голубой,"
17410 сом
",/images/product/111963/1665147057_43298800.png
155,Сотовый телефон Samsung Galaxy A04s 4/64GB черный,"
12350 сом
",/images/product/112987/1667078708_09449600.jpg
156,Сотовый телефон Vivo V23E 8/128GB черный,"
26110 сом
",/images/product/104540/1647836745_65880600.jpg
157,Сотовый телефон Samsung Galaxy A53 5G 8/128GB голубой,"
29840 сом
",/images/product/105308/1649761535_61343300.jpg
158,Сотовый телефон Samsung Galaxy A13 (SM-A137) 4/64GB черный,"
13400 сом
",/images/product/111964/1665148664_90143300.jpg
159,Сотовый телефон Samsung Galaxy A04s 4/64GB белый,"

 12440 сом
-1%

12270 сом
",/images/product/112988/1667078711_58657400.jpg
160,Сотовый телефон Samsung Galaxy A04s 4/64GB зеленый,"

 12440 сом
-1%

12270 сом
",/images/product/112989/1667078714_93759800.jpg
161,Сотовый телефон Samsung Galaxy A04s 4/64GB медный,"

 12440 сом
-1%

12270 сом
",/images/product/112990/1667078719_97190500.jpg
162,Сотовый телефон Apple iPhone 13 Pro 128GB зеленый,"
97450 сом
",/images/product/104799/1648276603_98820600.png
163,Сотовый телефон Xiaomi Redmi 10 2022 6/128GB голубой,"
14440 сом
",/images/product/109151/1658828496_75707400.jpg
164,Сотовый телефон Samsung Galaxy A04s 4/128GB черный,"
14040 сом
",/images/product/112991/1667078809_64921800.jpg
165,Сотовый телефон Apple iPhone 13 Pro Max 128GB зеленый,"
97450 сом
",/images/product/104800/1648277074_04112200.png
166,Сотовый телефон Xiaomi Redmi 10 2022 6/128GB белый,"

 15050 сом
-4%

14440 сом
",/images/product/109152/1658828510_13282400.jpg
167,Сотовый телефон Samsung Galaxy A04s 4/128GB белый,"
14040 сом
",/images/product/112992/1667079728_21774400.jpg
168,Сотовый телефон Vivo V23 8/128GB золотой,"
34450 сом
",/images/product/104545/1647838271_10986600.jpg
169,Сотовый телефон Apple iPhone 13 Pro 512GB зеленый,"
116060 сом
",/images/product/104801/1648297861_10972200.png
170,Сотовый телефон Samsung Galaxy A04s 4/128GB зеленый,"
14040 сом
",/images/product/112993/1667079731_69110300.jpg
171,Сотовый телефон Vivo V23 8/128GB черный,"
34450 сом
",/images/product/104546/1647838286_37356600.jpg
172,Сотовый телефон Apple iPhone 13 Pro Max 512GB зеленый,"
116490 сом
",/images/product/104802/1648298231_76393700.png
173,Сотовый телефон Samsung Galaxy A04s 4/128GB медный,"
14040 сом
",/images/product/112994/1667079735_75656600.jpg
174,Сотовый телефон Vivo Y21 4/64GB синий,"
13480 сом
",/images/product/103523/1645422657_54520600.jpg
175,Сотовый телефон Xiaomi Redmi 10C 4/128GB серый,"
12270 сом
",/images/product/104803/1648310638_87270900.jpg
176,Сотовый телефон Xiaomi Redmi 10C 4/128GB синий,"
12270 сом
",/images/product/104804/1648310652_05982100.jpg
177,Сотовый телефон Xiaomi Redmi 10 2022 4/64GB белый,"
12350 сом
",/images/product/106852/1653144868_10213800.jpg
178,Сотовый телефон Xiaomi Redmi 10C 4/128GB зеленый,"
12270 сом
",/images/product/104805/1648310666_54418900.jpg
179,Сотовый телефон Xiaomi Redmi 10 2022 4/128GB белый,"
13050 сом
",/images/product/106853/1653145141_11530400.jpg
180,Сотовый телефон Xiaomi Redmi 9C 4/64GB серый,"
10180 сом
",/images/product/104806/1648312446_20996100.jpg
181,Сотовый телефон Xiaomi Redmi 10 2022 4/128GB голубой,"
13050 сом
",/images/product/106854/1653145152_17687600.jpg
182,Сотовый телефон Xiaomi 12 8/256GB серый,"
47610 сом
",/images/product/106855/1653146670_82874800.jpg
183,Сотовый телефон Apple iPhone 14 Pro 1TB eSIM золотой,"
147910 сом
",/images/product/111207/1663835711_40697500.png
184,Сотовый телефон Xiaomi 12 8/256GB фиолетовый,"
47610 сом
",/images/product/106856/1653146707_49934400.jpg
185,Сотовый телефон Apple iPhone 13 128GB красный,"
65340 сом
",/images/product/97897/1631808085_26488000.jpg
186,Сотовый телефон Xiaomi 12 8/256GB зеленый,"
47610 сом
",/images/product/106857/1653146808_23102000.jpg
187,Сотовый телефон Apple iPhone 13 256GB красный,"
75520 сом
",/images/product/97898/1631808163_19486100.jpg
188,Сотовый телефон Xiaomi Poco C40 3/32GB черный,"
10440 сом
",/images/product/109162/1658830303_46090100.jpg
189,Сотовый телефон Xiaomi Poco C40 3/32GB желтый,"
10440 сом
",/images/product/109163/1658830346_69271300.jpg
190,Сотовый телефон Apple iPhone 13 128GB синий,"
65340 сом
",/images/product/97900/1631808440_79057200.jpg
191,Сотовый телефон Apple iPhone 13 256GB синий,"
75520 сом
",/images/product/97901/1631808460_05048700.jpg
192,Сотовый телефон Apple iPhone 14 Pro 512GB eSIM фиолетовый,"
130150 сом
",/images/product/111214/1663836228_93820900.png
193,Сотовый телефон Apple iPhone 13 128GB полуночный,"
65340 сом
",/images/product/97903/1631808729_32480300.jpg
194,Сотовый телефон Apple iPhone 13 256GB полуночный,"
75520 сом
",/images/product/97904/1631808749_52759400.jpg
195,Сотовый телефон Apple iPhone 13 128GB сияющая звезда,"
65340 сом
",/images/product/97906/1631809004_80505000.jpg
196,Сотовый телефон Apple iPhone 14 Pro 256GB eSIM космический черный,"
110750 сом
",/images/product/111218/1667890683_37172900.jpg
197,Сотовый телефон Apple iPhone 13 256GB сияющая звезда,"
75520 сом
",/images/product/97907/1631809025_40225100.jpg
198,Сотовый телефон Apple iPhone 14 Plus 256GB полночный черный,"
101880 сом
",/images/product/111987/1667069557_59609700.jpg
199,Сотовый телефон Apple iPhone 14 Plus 128GB полночный черный,"
93000 сом
",/images/product/111988/1667068823_33963400.jpg
200,Сотовый телефон Apple iPhone 13 128GB розовый,"
65340 сом
",/images/product/97909/1631809348_37875500.jpg
201,Сотовый телефон Apple iPhone 14 Pro 256GB eSIM фиолетовый,"
110750 сом
",/images/product/111221/1667890708_54478700.jpg
202,Сотовый телефон Apple iPhone 14 Plus 128GB голубой,"

 81610 сом
-1%

80650 сом
",/images/product/111989/1667068764_08398100.jpg
203,Сотовый телефон Apple iPhone 13 256GB розовый,"
75520 сом
",/images/product/97910/1631809368_06181800.jpg
204,Сотовый телефон Xiaomi Redmi 9T 4/64GB серый,"

 14530 сом
-4%

13950 сом
",/images/product/90743/1617618138_63153100.jpg
205,Сотовый телефон Apple iPhone 13 Pro 128GB графитовый,"
97450 сом
",/images/product/97912/1631811672_04783000.jpg
206,Сотовый телефон Realme 7i 4/128GB полярный синий,"
16370 сом
",/images/product/88953/1613404750_13715300.jpg
207,Сотовый телефон Apple iPhone 13 Pro 256GB графитовый,"
108050 сом
",/images/product/97913/1631811727_72990400.jpg
208,Сотовый телефон Realme 7i 4/128GB зеленый,"
16370 сом
",/images/product/88954/1613404904_44119500.jpg
209,Сотовый телефон Apple iPhone 13 Pro 512GB графитовый,"
116060 сом
",/images/product/97914/1631811752_45981000.jpg
210,Сотовый телефон Apple iPhone 13 Pro 128GB синий,"
97450 сом
",/images/product/97916/1631812105_74700200.jpg
211,Сотовый телефон Xiaomi 12 Lite 8/256GB черный,"
31440 сом
",/images/product/108412/1657099701_04144200.jpg
212,Сотовый телефон Apple iPhone 13 Pro 256GB синий,"
108050 сом
",/images/product/97917/1631812125_61155400.jpg
213,Сотовый телефон Xiaomi Redmi Note 11 Pro 4G 6/128GB серый,"
19770 сом
",/images/product/104829/1648320022_56998600.jpg
214,Сотовый телефон Xiaomi 12 Lite 8/256GB зеленый,"
31440 сом
",/images/product/108413/1657099715_34622000.jpg
215,Сотовый телефон Apple iPhone 13 Pro 512GB синий,"
116060 сом
",/images/product/97918/1631812150_78203200.jpg
216,Сотовый телефон Xiaomi Redmi Note 11 Pro 5G 8/128GB синий,"
24270 сом
",/images/product/104830/1648320266_68800700.jpg
217,Сотовый телефон Xiaomi 12 Lite 8/256GB розовый,"
31440 сом
",/images/product/108414/1657099737_56234100.jpg
218,Сотовый телефон BQ BQ-2004 Ray черно-зеленый,"
2620 сом
",/images/product/85887/1605092934_26047500.jpg
219,Сотовый телефон Samsung Galaxy A03 4/64GB черный,"
10710 сом
",/images/product/104319/1647473798_95365200.jpg
220,Сотовый телефон Apple iPhone 13 Pro 128GB золотой,"
97450 сом
",/images/product/97920/1631812515_32549200.jpg
221,Сотовый телефон Samsung Galaxy A03 4/64GB синий,"
10710 сом
",/images/product/104320/1647473810_33860900.jpg
222,Сотовый телефон Nokia 230 Dual Sim синий,"
4980 сом
",/images/product/75393/1576673544_72059700.jpg
223,Сотовый телефон BQ BQ-2004 Ray черно-оранжевый,"
2620 сом
",/images/product/85889/1605093053_06490400.jpg
224,Сотовый телефон Apple iPhone 13 Pro 256GB золотой,"
108050 сом
",/images/product/97921/1631812534_01241800.jpg
225,Сотовый телефон Samsung Galaxy A03 4/64GB красный,"
10710 сом
",/images/product/104321/1647473818_19677700.jpg
226,Сотовый телефон Xiaomi 11T Pro 8/256GB серый,"
36280 сом
",/images/product/104833/1648321987_96090900.png
227,Сотовый телефон Xiaomi Redmi 10A 2/32GB серый,"
9080 сом
",/images/product/107905/1656276413_08191000.jpg
228,Сотовый телефон BQ BQ-2004 Ray черный,"
2620 сом
",/images/product/85890/1605093127_09908400.jpg
229,Сотовый телефон Apple iPhone 13 Pro 512GB золотой,"
116060 сом
",/images/product/97922/1631812555_14859500.jpg
230,Сотовый телефон Xiaomi 11T Pro 8/256GB голубой,"

 36280 сом
-4%

34900 сом
",/images/product/104835/1648322225_30619200.png
231,Сотовый телефон Apple iPhone 13 Pro 128GB серебристый,"
97450 сом
",/images/product/97924/1631812897_18512100.jpg
232,Сотовый телефон Xiaomi Redmi Note 11 Pro 4G 6/128GB голубой,"
19770 сом
",/images/product/104836/1648323196_75242800.jpg
233,Сотовый телефон Apple iPhone 13 Pro 256GB серебристый,"
108050 сом
",/images/product/97925/1631812919_12735000.jpg
234,Сотовый телефон Xiaomi Redmi Note 11 Pro 5G 8/128GB серый,"
24270 сом
",/images/product/103557/1645524702_43748600.jpg
235,Сотовый телефон Xiaomi Poco M5 4/128GB черный,"

 14700 сом
-6%

13860 сом
",/images/product/111237/1663840034_78846000.jpg
236,Сотовый телефон Apple iPhone 13 Pro 512GB серебристый,"
116060 сом
",/images/product/97926/1631812941_74663800.jpg
237,Сотовый телефон Xiaomi Redmi Note 11 Pro 5G 8/128GB белый,"
24270 сом
",/images/product/103558/1645524919_71634500.jpg
238,Сотовый телефон Infinix Hot 11 Play 4/64GB черный,"
9920 сом
",/images/product/107910/1656281664_08984800.jpg
239,Сотовый телефон Xiaomi Redmi Note 11 Pro Plus 5G 8/256GB зеленый,"
31350 сом
",/images/product/111238/1663841135_25649100.jpg
240,Сотовый телефон Xiaomi 11T Pro 12/256GB серый,"
41150 сом
",/images/product/103559/1645525405_65069700.png
241,Сотовый телефон Apple iPhone 13 Pro Max 128GB графитовый,"
97450 сом
",/images/product/97928/1631814587_45720200.jpg
242,Сотовый телефон Apple iPhone 13 Pro Max 256GB графитовый,"
107180 сом
",/images/product/97929/1631814606_50121700.jpg
243,Сотовый телефон Xiaomi 12X 8/256GB серый,"
43330 сом
",/images/product/103561/1645528256_33738100.jpg
244,Сотовый телефон BQ BQ-2449 Hammer зеленый,"
2960 сом
",/images/product/85898/1605094882_70653000.jpg
245,Сотовый телефон Apple iPhone 13 Pro Max 512GB графитовый,"
116490 сом
",/images/product/97930/1631814758_46780400.jpg
246,Сотовый телефон Infinix Hot 12i 3/64GB черный,"
9480 сом
",/images/product/107914/1656285032_88952000.jpg
247,Сотовый телефон BQ BQ-2449 Hammer оранжевый,"
2960 сом
",/images/product/85899/1605095006_20935400.jpg
248,Сотовый телефон BQ BQ-2449 Hammer черный,"
2960 сом
",/images/product/85900/1605095180_19869000.jpg
249,Сотовый телефон Apple iPhone 13 Pro Max 128GB серебристый,"
97450 сом
",/images/product/97932/1631815017_40412500.jpg
250,Сотовый телефон BQ BQ-3587 Disco Boom черный,"
2780 сом
",/images/product/85901/1605098664_11167500.jpg
251,Сотовый телефон Apple iPhone 13 Pro Max 256GB серебристый,"
107180 сом
",/images/product/97933/1631815040_09605500.jpg
252,Сотовый телефон BQ BQ-3587 Disco Boom зеленый,"
2780 сом
",/images/product/85902/1605098898_93582300.jpg
253,Сотовый телефон Apple iPhone 13 Pro Max 512GB серебристый,"
116490 сом
",/images/product/97934/1631815062_95355800.jpg
254,Сотовый телефон BQ BQ-3587 Disco Boom синий,"
2780 сом
",/images/product/85903/1605099084_28044200.jpg
255,Сотовый телефон BQ BQ-3587 Disco Boom красный,"
2780 сом
",/images/product/85904/1605099196_90993400.jpg
256,Сотовый телефон Apple iPhone 13 Pro Max 128GB золотой,"
97450 сом
",/images/product/97936/1631815397_03257100.jpg
257,Сотовый телефон Apple iPhone 13 Pro Max 256GB золотой,"
107180 сом
",/images/product/97937/1631815413_16996800.jpg
258,Сотовый телефон Apple iPhone 13 Pro Max 512GB золотой,"
116490 сом
",/images/product/97938/1631815438_21561300.jpg
259,Сотовый телефон Samsung Galaxy A13 4G 4/64GB черный,"
13140 сом
",/images/product/105106/1649051047_41500400.jpg
260,Сотовый телефон Samsung Galaxy A13 4G 4/64GB белый,"
13140 сом
",/images/product/105107/1649051002_49715500.jpg
261,Сотовый телефон Apple iPhone 13 Pro Max 128GB синий,"
97450 сом
",/images/product/97940/1631815790_23633000.jpg
262,Сотовый телефон Xiaomi 11 Lite 5G NE 8/128GB черный,"

 23610 сом
-1%

23340 сом
",/images/product/98452/1632738290_42255500.jpg
263,Сотовый телефон Samsung Galaxy A13 4G 4/64GB персиковый,"
13140 сом
",/images/product/105108/1649050938_27167200.jpg
264,Сотовый телефон BQ BQ-2824 Tank T черный,"
2960 сом
",/images/product/85909/1605103910_44521000.jpg
265,Сотовый телефон Apple iPhone 13 Pro Max 256GB синий,"
107180 сом
",/images/product/97941/1631815819_31816700.jpg
266,Сотовый телефон Xiaomi 11 Lite 5G NE 8/128GB голубой,"

 23920 сом
-2%

23340 сом
",/images/product/98453/1632738411_72485600.jpg
267,Сотовый телефон Samsung Galaxy A13 4G 4/64GB голубой,"
13140 сом
",/images/product/105109/1649050882_84903300.jpg
268,Сотовый телефон BQ BQ-2824 Tank T синий камуфляж,"
2960 сом
",/images/product/85910/1605104257_24904600.jpg
269,Сотовый телефон Apple iPhone 13 Pro Max 512GB синий,"
116490 сом
",/images/product/97942/1631815845_04398500.jpg
270,Сотовый телефон Xiaomi 11 Lite 5G NE 8/128GB белый,"
24530 сом
",/images/product/98454/1632738474_29456300.jpg
271,Сотовый телефон BQ BQ-2824 Tank T зеленый,"
2960 сом
",/images/product/85911/1605104432_78438800.jpg
272,Сотовый телефон Apple iPhone 13 Pro Max 1TB синий,"
123970 сом
",/images/product/97943/1631815871_23539100.jpg
273,Сотовый телефон BQ BQ-2824 Tank T серый камуфляж,"
2960 сом
",/images/product/85912/1605104535_51372100.jpg
274,Сотовый телефон Xiaomi 11T 8/128GB серый,"

 26460 сом
-1%

26270 сом
",/images/product/100761/1638336385_98873300.jpg
275,Сотовый телефон Xiaomi 12T 8/128GB серебристый,"
34450 сом
",/images/product/112025/1665399806_18672700.jpg
276,Сотовый телефон Infinix Hot 12 Play 4/64GB синий,"
10180 сом
",/images/product/110746/1662627649_65757600.jpg
277,Сотовый телефон Xiaomi 12T 8/256GB серебристый,"
36230 сом
",/images/product/112026/1665399813_17848000.jpg
278,Сотовый телефон Xiaomi Redmi 9A 2/32GB серый гранит,"
8000 сом
",/images/product/81820/1595752437_69165100.jpg
279,Сотовый телефон Xiaomi 12T Pro 12/256GB серебристый,"
46460 сом
",/images/product/112796/1666849546_93704000.jpg
280,Сотовый телефон Samsung Galaxy A23 4/128GB черный,"
17230 сом
",/images/product/105119/1649052107_79765600.jpg
281,Сотовый телефон Samsung Galaxy A33 5G 8/128GB белый,"

 25840 сом
-1%

25490 сом
",/images/product/109471/1659794332_08091000.jpg
282,Сотовый телефон Samsung Galaxy A23 4/128GB белый,"
17230 сом
",/images/product/105120/1649052175_58209600.jpg
283,Сотовый телефон Samsung Galaxy A33 5G 8/128GB персиковый,"

 25840 сом
-1%

25490 сом
",/images/product/109472/1659794452_56709800.jpg
284,Сотовый телефон Samsung Galaxy A23 4/128GB персиковый,"
17230 сом
",/images/product/105121/1649052208_08866000.jpg
285,Сотовый телефон Samsung Galaxy A33 5G 8/128GB голубой,"

 25840 сом
-1%

25490 сом
",/images/product/109473/1659794653_76895700.jpg
286,Сотовый телефон Samsung Galaxy A23 4/128GB голубой,"
17230 сом
",/images/product/105122/1649052239_71344800.jpg
287,Сотовый телефон Samsung Galaxy A33 5G 8/128GB черный,"

 25840 сом
-1%

25490 сом
",/images/product/109474/1659794778_00552500.jpg
288,Сотовый телефон Xiaomi Poco M5 4/64GB черный,"
12790 сом
",/images/product/113315/1667740770_40977600.jpg
289,Сотовый телефон Oppo A12 3/32GB синий,"
7390 сом
",/images/product/102566/1642476269_39039700.jpg
290,Сотовый телефон Samsung Galaxy S22 Plus 5G 8/128GB черный,"

 67420 сом
-3%

65610 сом
",/images/product/105130/1649056653_30716400.jpg
291,Сотовый телефон HTC Wildfire E 2/32Gb черный,"
7390 сом
",/images/product/90027/1615733523_33745100.jpg
292,Сотовый телефон Samsung Galaxy S22 Plus 5G 8/128GB зеленый,"

 67420 сом
-3%

65610 сом
",/images/product/105131/1649056998_60439800.jpg
293,Сотовый телефон Samsung Galaxy Z Flip4 8/256 фиолетовый,"
74380 сом
",/images/product/112811/1666851898_64551600.jpg
294,Сотовый телефон HTC Wildfire E 2/32Gb золотой,"
7390 сом
",/images/product/90028/1615733526_10401900.jpg
295,Сотовый телефон Samsung Galaxy S22 Plus 5G 8/256GB черный,"

 71890 сом
-0%

71710 сом
",/images/product/105132/1649057051_53599400.jpg
296,Сотовый телефон Apple iPhone 14 128GB полночный черный,"
74650 сом
",/images/product/111020/1667069318_27060600.jpg
297,Сотовый телефон Samsung Galaxy Z Flip4 8/256 графитовый,"
74380 сом
",/images/product/112812/1666851909_57700800.jpg
298,Сотовый телефон HTC Wildfire E2 4/64Gb черный,"
8370 сом
",/images/product/90029/1615734456_46436000.jpg
299,Сотовый телефон Apple iPhone 14 128GB фиолетовый,"
74650 сом
",/images/product/111021/1667069304_37205800.jpg
300,Сотовый телефон Samsung Galaxy Z Flip4 8/256 голубой,"
74380 сом
",/images/product/112813/1666851919_70805200.jpg
301,Сотовый телефон HTC Wildfire E2 4/64Gb синий,"
8370 сом
",/images/product/90030/1615734495_48681000.jpg
302,Сотовый телефон Apple iPhone 14 128GB сияющая звезда,"
74650 сом
",/images/product/111022/1667069288_96465100.jpg
303,Сотовый телефон Samsung Galaxy Z Flip4 8/256 золотой,"
74380 сом
",/images/product/112814/1666851929_26870300.jpg
304,Сотовый телефон Meizu M10 2/32GB черный,"
7220 сом
",/images/product/90031/1615737550_56915500.jpg
305,Сотовый телефон Xiaomi Redmi Note 10 Pro 6/128GB голубой,"
19050 сом
",/images/product/91055/1667280136_08920200.jpg
306,Сотовый телефон Apple iPhone 14 128GB голубой,"
74650 сом
",/images/product/111023/1667069269_56684100.jpg
307,Сотовый телефон Meizu M10 2/32GB синий,"
7220 сом
",/images/product/90032/1615737645_08628500.jpg
308,Сотовый телефон Xiaomi Redmi Note 10 Pro 6/128GB бронзовый,"
18880 сом
",/images/product/91056/1667280128_22809800.jpg
309,Сотовый телефон Xiaomi Redmi Note 11 Pro 4G 6/128GB белый,"
19770 сом
",/images/product/105136/1649060394_30736400.jpg
310,Сотовый телефон Apple iPhone 14 128GB красный,"
74650 сом
",/images/product/111024/1667069255_04497100.jpg
311,Сотовый телефон Meizu M10 2/32GB красный,"
7220 сом
",/images/product/90033/1615737698_26785700.jpg
312,Сотовый телефон Apple iPhone 14 256GB полночный черный,"
83530 сом
",/images/product/111025/1667069429_30394900.jpg
313,Сотовый телефон Meizu M10 3/32GB черный,"
7390 сом
",/images/product/90034/1615737953_84382600.jpg
314,Сотовый телефон Xiaomi Redmi Note 10 Pro 8/128GB серый,"
19500 сом
",/images/product/91058/1667279874_52402500.jpg
315,Сотовый телефон Apple iPhone 14 256GB фиолетовый,"
83530 сом
",/images/product/111026/1667069410_35447000.jpg
316,Сотовый телефон Meizu M10 3/32GB синий,"
7390 сом
",/images/product/90035/1615738105_96625700.jpg
317,Сотовый телефон Xiaomi Redmi Note 10 Pro 8/128GB голубой,"
20100 сом
",/images/product/91059/1667279536_91430600.jpg
318,Сотовый телефон Apple iPhone 14 256GB сияющая звезда,"
83530 сом
",/images/product/111027/1667069396_12428400.jpg
319,Сотовый телефон Meizu M10 3/32GB красный,"
7390 сом
",/images/product/90036/1615738140_92462800.jpg
320,Сотовый телефон Itel A25 фиолетовый,"
4520 сом
",/images/product/101556/1640066729_15082200.jpg
321,Сотовый телефон Apple iPhone 14 256GB голубой,"
83530 сом
",/images/product/111028/1667069379_34607800.jpg
322,Сотовый телефон Apple iPhone 14 256GB красный,"
83530 сом
",/images/product/111029/1667069365_92337100.jpg
323,Сотовый телефон Apple iPhone 14 Pro 128GB космический черный,"
108050 сом
",/images/product/111030/1667070233_28210600.jpg
324,Сотовый телефон Samsung Galaxy A32 (2021) 6/128GB (SM-A325F/DS) черный,"
18880 сом
",/images/product/91063/1618759682_30063600.jpg
325,Сотовый телефон Apple iPhone 14 Pro 128GB фиолетовый,"
109820 сом
",/images/product/111031/1667070267_45413700.jpg
326,Сотовый телефон Samsung Galaxy A32 (2021) 6/128GB (SM-A325F/DS) белый,"
18880 сом
",/images/product/91064/1618759750_84450100.jpg
327,Сотовый телефон Apple iPhone 14 Pro 128GB серебристый,"

 105390 сом
-1%

104500 сом
",/images/product/111032/1667070106_55554700.jpg
328,Сотовый телефон Samsung Galaxy A32 (2021) 6/128GB (SM-A325F/DS) голубой,"
18880 сом
",/images/product/91065/1618759798_76777500.jpg
329,Сотовый телефон Itel A48 2/32GB фиолетовый,"
5830 сом
",/images/product/101561/1640068040_84967200.jpg
330,Сотовый телефон Apple iPhone 14 Pro 128GB золотой,"

 107180 сом
-2%

104500 сом
",/images/product/111033/1667070181_22421300.jpg
331,Сотовый телефон Samsung Galaxy A32 (2021) 6/128GB (SM-A325F/DS) лавандовый,"
18880 сом
",/images/product/91066/1618759836_26747400.jpg
332,Сотовый телефон Apple iPhone 14 Pro 256GB космический черный,"
116930 сом
",/images/product/111034/1667070402_34447000.jpg
333,Сотовый телефон Xiaomi Redmi Note 10 Pro 8/256GB голубой,"
21050 сом
",/images/product/113082/1667278980_33275500.jpg
334,Сотовый телефон Itel A25 голубой,"
4520 сом
",/images/product/95931/1628189348_48401900.jpg
335,Сотовый телефон Itel Vision 1 Pro 2/32GB синий,"
6270 сом
",/images/product/101563/1640069123_75143200.jpg
336,Сотовый телефон Apple iPhone 14 Pro 256GB фиолетовый,"
118680 сом
",/images/product/111035/1667070388_12901000.jpg
337,Сотовый телефон Xiaomi Redmi Note 10 Pro 8/256GB серый,"
21050 сом
",/images/product/113083/1667278983_39177900.jpg
338,Сотовый телефон Apple iPhone 12 128GB фиолетовый,"
59590 сом
",/images/product/97724/1631530307_37107700.jpg
339,Сотовый телефон Apple iPhone 14 Pro 256GB серебристый,"
116930 сом
",/images/product/111036/1667070372_61622300.jpg
340,Сотовый телефон Apple iPhone 14 Pro 256GB золотой,"
116930 сом
",/images/product/111037/1667070358_93584700.jpg
341,Сотовый телефон Realme C3 3/32GB серый,"
9400 сом
",/images/product/85438/1603788962_41453700.jpg
342,Сотовый телефон Apple iPhone 14 Pro 512GB космический черный,"
139910 сом
",/images/product/111038/1667070524_57599700.jpg
343,Сотовый телефон Apple iPhone 14 Plus 128GB фиолетовый,"
80650 сом
",/images/product/112831/1667068716_02391900.jpg
344,Сотовый телефон Realme C3 3/32GB красный,"
9400 сом
",/images/product/85440/1603789061_49507600.jpg
345,Сотовый телефон Apple iPhone 14 Pro Max 128GB космический черный,"
116930 сом
",/images/product/111040/1667070713_51743500.jpg
346,Сотовый телефон Xiaomi Poco M5 6/128GB черный,"
14880 сом
",/images/product/113088/1667281611_91530300.jpg
347,Сотовый телефон Apple iPhone 14 Pro Max 128GB серебристый,"
116930 сом
",/images/product/111041/1667070809_59083700.jpg
348,Сотовый телефон Xiaomi Poco M5 6/128GB зеленый,"
14880 сом
",/images/product/113089/1667281718_47593600.jpg
349,Сотовый телефон Realme C3 3/32GB голубой,"
9400 сом
",/images/product/85442/1603789253_98753100.jpg
350,Сотовый телефон teXet TM-122 черный,"
1790 сом
",/images/product/96706/1629817649_59999000.jpg
351,Сотовый телефон Apple iPhone 14 Pro Max 128GB золотой,"
116930 сом
",/images/product/111042/1667070792_77567600.jpg
352,Сотовый телефон Apple iPhone 14 Pro Max 128GB фиолетовый,"
118680 сом
",/images/product/111043/1667070731_06616800.jpg
353,Сотовый телефон Apple iPhone 14 Pro Max 256GB космический черный,"
127540 сом
",/images/product/111044/1667070992_90446700.jpg
354,Сотовый телефон Apple iPhone 14 Pro Max 256GB золотой,"
123990 сом
",/images/product/111045/1667070980_14799600.jpg
355,Сотовый телефон Vivo V21e 8/128GB черный,"
22180 сом
",/images/product/104134/1646830780_38828300.jpg
356,Сотовый телефон Apple iPhone 14 Pro Max 256GB фиолетовый,"
125800 сом
",/images/product/111046/1667070965_53690200.jpg
357,Сотовый телефон Vivo V21e 8/128GB фиолетовый,"
22180 сом
",/images/product/104135/1646830812_04054700.jpg
358,Сотовый телефон Apple iPhone 14 Pro Max 256GB серебристый,"
123990 сом
",/images/product/111047/1667070952_57712100.jpg
359,Сотовый телефон Xiaomi Redmi 10 2022 4/128GB серый,"
13230 сом
",/images/product/106441/1652344192_90585000.jpg
360,Сотовый телефон Xiaomi Redmi 10 2022 4/64GB серый,"
12350 сом
",/images/product/106442/1652344207_74798100.jpg
361,Сотовый телефон Samsung Galaxy Z Fold2 (2020) 256GB (SM-F916F/DS) бронзовый,"
103440 сом
",/images/product/93643/1622903725_16461600.jpg
362,Сотовый телефон Xiaomi Redmi 10 2022 4/64GB голубой,"
12350 сом
",/images/product/106443/1652344219_27431800.jpg
363,Сотовый телефон Samsung Galaxy S22 8/256GB черный,"

 59510 сом
-1%

59170 сом
",/images/product/105932/1651331709_45138700.jpg
364,Сотовый телефон Samsung Galaxy S22 8/256GB белый,"

 59510 сом
-1%

59170 сом
",/images/product/105933/1651331741_85568900.jpg
365,Сотовый телефон Samsung Galaxy S22 8/256GB розовый,"

 59510 сом
-1%

59170 сом
",/images/product/105934/1651331770_66731200.jpg
366,Сотовый телефон Samsung Galaxy Z Fold2 (2020) 256GB (SM-F916F/DS) черный,"
103440 сом
",/images/product/88015/1611562611_06973300.jpg
367,Сотовый телефон Samsung Galaxy S22 8/256GB зеленый,"

 59510 сом
-1%

59170 сом
",/images/product/105935/1651331801_97725500.jpg
368,Сотовый телефон Samsung Galaxy A03 4/128GB черный,"

 11830 сом
-1%

11660 сом
",/images/product/108751/1657975970_41340800.jpg
369,Сотовый телефон Samsung Galaxy S22 8/256GB серый,"

 59510 сом
-1%

59170 сом
",/images/product/105936/1651331831_15719900.jpg
370,Сотовый телефон Samsung Galaxy A03 4/128GB синий,"

 11830 сом
-1%

11660 сом
",/images/product/108752/1657975986_11338100.jpg
371,Сотовый телефон Samsung Galaxy S22 8/256GB голубой,"

 59510 сом
-1%

59170 сом
",/images/product/105937/1651331856_87154800.jpg
372,Сотовый телефон Samsung Galaxy A03 4/128GB красный,"

 11830 сом
-1%

11660 сом
",/images/product/108753/1657975995_79529100.jpg
373,Сотовый телефон Samsung Galaxy S22 8/256GB фиолетовый,"

 59510 сом
-1%

59170 сом
",/images/product/105938/1651331878_59420500.jpg
374,Сотовый телефон Samsung Galaxy S22 8/256GB бежевый,"

 59510 сом
-1%

59170 сом
",/images/product/105939/1651331898_83144000.jpg
375,Сотовый телефон Samsung Galaxy S22 Plus 5G 8/256GB зеленый,"

 71890 сом
-0%

71710 сом
",/images/product/105940/1651333446_38416100.jpg
376,Сотовый телефон Samsung Galaxy S22 Plus 5G 8/256GB белый,"

 71890 сом
-0%

71710 сом
",/images/product/105941/1651333478_41448600.jpg
377,Сотовый телефон Xiaomi Redmi Note 11 6/128GB серый,"
15830 сом
",/images/product/103126/1644150126_80802500.jpg
378,Сотовый телефон Samsung Galaxy S22 Plus 5G 8/256GB розовый,"

 71890 сом
-0%

71710 сом
",/images/product/105942/1651333525_75418700.jpg
379,Сотовый телефон Samsung Galaxy S22 Plus 5G 8/256GB серый,"

 71890 сом
-0%

71710 сом
",/images/product/105943/1651333554_53982100.jpg
380,Сотовый телефон Xiaomi Redmi Note 11 4/128GB серый (NFC),"
15570 сом
",/images/product/110295/1661767514_41453800.jpg
381,Сотовый телефон Samsung Galaxy S22 Plus 5G 8/256GB голубой,"

 71890 сом
-0%

71710 сом
",/images/product/105944/1651333579_12936000.jpg
382,Сотовый телефон Samsung Galaxy A73 5G 8/256GB белый,"
40040 сом
",/images/product/109272/1659191670_78623400.jpg
383,Сотовый телефон Samsung Galaxy S22 Plus 5G 8/256GB фиолетовый,"

 71890 сом
-0%

71710 сом
",/images/product/105945/1657397377_08750100.jpg
384,Сотовый телефон Samsung Galaxy A73 5G 8/256GB мятный,"
40040 сом
",/images/product/109273/1659191769_21633300.jpg
385,Сотовый телефон Samsung Galaxy S22 Plus 5G 8/256GB бежевый,"

 71890 сом
-0%

71710 сом
",/images/product/105946/1651333634_66368800.jpg
386,Сотовый телефон Samsung Galaxy A73 5G 8/256GB серый,"
40040 сом
",/images/product/109274/1659191850_22895200.jpg
387,Сотовый телефон Samsung Galaxy A53 5G 8/256GB черный,"

 32620 сом
-1%

32450 сом
",/images/product/108510/1657393190_36776700.jpg
388,Сотовый телефон Samsung Galaxy A53 5G 8/256GB белый,"

 32620 сом
-1%

32450 сом
",/images/product/108511/1657393205_69674000.jpg
389,Сотовый телефон Samsung Galaxy A53 5G 8/256GB персиковый,"

 32620 сом
-1%

32450 сом
",/images/product/108512/1657393218_52086000.jpg
390,Сотовый телефон Infinix Smart 6 3/64GB голубой,"
8960 сом
",/images/product/110304/1661769093_49377700.png
391,Сотовый телефон Samsung Galaxy A53 5G 8/256GB голубой,"

 32620 сом
-1%

32450 сом
",/images/product/108513/1657393229_48465300.jpg
392,Сотовый телефон Infinix Smart 6 3/64GB бирюзовый,"
8960 сом
",/images/product/110305/1661769801_94973000.png
393,Сотовый телефон Samsung Galaxy S21 Fan Edition 8/128GB графитовый,"
43670 сом
",/images/product/108514/1657394415_42122500.jpg
394,Сотовый телефон Infinix Smart 6 3/64GB черный,"
8960 сом
",/images/product/110306/1661770058_40487800.png
395,Сотовый телефон Samsung Galaxy S21 Fan Edition 8/128GB зеленый,"
43670 сом
",/images/product/108515/1657394516_28290400.jpg
396,Сотовый телефон Infinix Hot 12 Play 4/128GB черный,"
10870 сом
",/images/product/110307/1661770680_01271700.jpg
397,Сотовый телефон Samsung Galaxy S21 Fan Edition 8/128GB лавандовый,"
43670 сом
",/images/product/108516/1657394603_72898500.jpg
398,Сотовый телефон Samsung Galaxy S21 Fan Edition 8/128GB белый,"
43670 сом
",/images/product/108517/1657394680_26439500.jpg
399,Сотовый телефон Xiaomi Redmi Note 11 4/64GB серый (NFC),"
14440 сом
",/images/product/112613/1666362818_20528200.jpg
400,Сотовый телефон Samsung Galaxy S22 Plus 5G 8/128GB белый,"

 67420 сом
-3%

65610 сом
",/images/product/108518/1657396597_26118600.jpg
401,Сотовый телефон Xiaomi 12T Pro 12/256GB черный,"
46460 сом
",/images/product/112614/1666363137_77018800.jpg
402,Сотовый телефон Nokia 230 Dual Sim черный,"
4980 сом
",/images/product/38119/38119.jpg
403,Сотовый телефон Xiaomi Redmi 10 2022 6/128GB серый,"
14530 сом
",/images/product/108007/1656405439_55611300.jpg
404,Сотовый телефон Samsung Galaxy S22 Plus 5G 8/128GB розовый,"

 67420 сом
-3%

65610 сом
",/images/product/108519/1657396730_19241300.jpg
405,Сотовый телефон Xiaomi 12T Pro 12/256GB голубой,"
46460 сом
",/images/product/112615/1666363229_75088700.jpg
406,Сотовый телефон Xiaomi Redmi 10C 4/64GB зеленый,"
11570 сом
",/images/product/106728/1652950917_92961300.jpg
407,Сотовый телефон Samsung Galaxy S22 Plus 5G 8/128GB серый,"

 67420 сом
-3%

65610 сом
",/images/product/108520/1657396816_24091800.jpg
408,Сотовый телефон Xiaomi Redmi 10A 2/32GB синий,"

 9220 сом
-1%

9080 сом
",/images/product/108009/1656405665_86694100.jpg
409,Сотовый телефон Samsung Galaxy S22 Plus 5G 8/128GB голубой,"

 67420 сом
-3%

65610 сом
",/images/product/108521/1657396904_62095300.jpg
410,Сотовый телефон Samsung Galaxy S21 Fan Edition 8/256GB графитовый,"
48890 сом
",/images/product/103402/1644909138_14677800.jpg
411,Сотовый телефон Samsung Galaxy S22 Plus 5G 8/128GB фиолетовый,"

 67420 сом
-3%

65610 сом
",/images/product/108522/1657397438_28569800.jpg
412,Сотовый телефон Samsung Galaxy S21 Fan Edition 8/256GB зеленый,"
48890 сом
",/images/product/103403/1644909155_80889600.jpg
413,Сотовый телефон Samsung Galaxy S22 Plus 5G 8/128GB бежевый,"

 67420 сом
-3%

65610 сом
",/images/product/108523/1657397538_55618800.jpg
414,Сотовый телефон Apple iPhone 14 Pro 512GB фиолетовый,"
139030 сом
",/images/product/111083/1667070538_66750100.jpg
415,Сотовый телефон Samsung Galaxy S21 Fan Edition 8/256GB лавандовый,"
48890 сом
",/images/product/103404/1644909175_73567400.jpg
416,Сотовый телефон Xiaomi Redmi 10A 4/128GB черный,"
11340 сом
",/images/product/108012/1656406126_69416000.jpg
417,Сотовый телефон Samsung Galaxy S21 Fan Edition 8/256GB белый,"
48890 сом
",/images/product/103405/1644909189_58593300.jpg
418,Сотовый телефон Xiaomi Redmi 10A 4/128GB синий,"
11250 сом
",/images/product/108013/1656406139_08129000.jpg
419,Сотовый телефон Apple iPhone 14 Pro 1TB фиолетовый,"
149650 сом
",/images/product/111085/1667890532_54111400.jpg
420,Сотовый телефон Xiaomi Redmi 10A 4/128GB серый,"
11250 сом
",/images/product/108014/1656406143_17876500.jpg
421,Сотовый телефон Apple iPhone 14 Pro 1TB космический черный,"
149650 сом
",/images/product/111086/1667890507_96516400.jpg
422,Сотовый телефон Huawei Y5p 32GB мятно-зеленый,"
9191 сом
",/images/product/80113/1591389542_67984400.jpg
423,Сотовый телефон Xiaomi 11 Lite 5G NE 8/256GB черный,"
25930 сом
",/images/product/103409/1644932386_18913300.jpg
424,Сотовый телефон Xiaomi Redmi 10C 3/64GB серый,"
10980 сом
",/images/product/108017/1656406707_71714700.jpg
425,Сотовый телефон Xiaomi Redmi 10C 3/64GB зеленый,"
10980 сом
",/images/product/108018/1656406717_60647900.jpg
426,Сотовый телефон Xiaomi Redmi 10C 3/64GB синий,"
10980 сом
",/images/product/108019/1656406723_11051300.jpg
427,Сотовый телефон teXet TM-130 черный,"
1790 сом
",/images/product/84981/1602699782_91350700.jpg
428,Сотовый телефон Xiaomi Redmi 10 4/128GB белый,"
13230 сом
",/images/product/98805/1633257871_31192200.jpg
429,Сотовый телефон Apple iPhone 14 Pro Max 512GB космический черный,"

 157590 сом
-1%

155820 сом
",/images/product/111093/1667071078_31411600.jpg
430,Сотовый телефон Apple iPhone 14 Pro Max 512GB фиолетовый,"

 157590 сом
-1%

155820 сом
",/images/product/111095/1667071064_21278900.jpg
431,Сотовый телефон Xiaomi Redmi Note 11S 6/128GB белый,"
17920 сом
",/images/product/103417/1644984420_34292700.jpg
432,Сотовый телефон Apple iPhone 14 Pro Max 1TB фиолетовый,"
178780 сом
",/images/product/111100/1667071142_67516500.jpg
433,Сотовый телефон Apple iPhone 14 Pro Max 1TB золотой,"
173480 сом
",/images/product/111101/1667071294_61179100.jpg
